{
    "publicaciones": [
      {
        "caption": "Excelente comida",
        "comentario": "",
        "id": "asd468adasd6fg",
        "imagen": "https://media-cdn.tripadvisor.com/media/photo-s/11/68/7f/45/pacman-burger.jpg",
        "usuario": "@RatBunny"
      },
      {
        "caption": "FRANCIA!!!",
        "comentario": "",
        "id": "doijgrowirv8468syg",
        "imagen": "https://static.dw.com/image/52882801_303.jpg",
        "usuario": "@KissM0r3"
      },
      {
        "caption": "Dinosaurios",
        "comentario": "",
        "id": "llaslvmnivvur8496551uhjhcka2+56",
        "imagen": "https://www.elsolucionario.org/wp-content/archivos/2013/04/fundamentos-de-sistemas-operativos-abraham-silberschatz-peter-baer-galvin-7ma-edicion.jpg",
        "usuario": "@Rex"
      }
    ],
    "usuario": [
      {
        "alias": "@ZellenDust",
        "bio": "Feliz pero no mucho",
        "fotoPerfil": "https://www.mejorinfluencer.com/wp-content/uploads/2020/04/Zellendust-Wiki-Youtuber-Espa%C3%B1a.png",
        "nombre": "Luis",
        "publicaciones": [
          "https://i.pinimg.com/originals/99/90/10/9990105fefb7685aeddfaf09e7c7b845.jpg",
          "https://www.lecturas.com/medio/2021/06/28/perrito-en-un-jardin_abf88fc0_1280x720.jpg",
          "https://www.famousbirthdays.com/headshots/zellen-dust-1.jpg",
          "https://64.media.tumblr.com/d8868c4c26c72831727bf86be7da9932/332798b3ae058db3-84/s640x960/fc7a34e654078da5f90b7914ba53ac1fd8970449.jpg"
        ],
        "seguidores": 15000,
        "seguidos": 25
      }
    ]
  }